Date,Facebook,Twitter,Pinterest,Instagram,YouTube,Tumblr,reddit,LinkedIn,Fark,VKontakte,news.ycombinator.com,Other
2020-01-01,43.44,20.06,24.49,9.38,1.41,0.58,0.43,0.13,0.03,0.02,0.04,0
2020-01-02,42.14,21.85,22.11,11.08,1.39,0.59,0.63,0.16,0.01,0.02,0.01,0
2020-01-03,42.41,22.9,21,10.99,1.37,0.58,0.47,0.19,0.06,0.02,0.01,0.01
2020-01-04,42.52,22.05,23.09,9.8,1.31,0.54,0.48,0.12,0.06,0.02,0.01,0
2020-01-05,39.5,23.38,24.82,9.75,1.31,0.53,0.57,0.11,0,0.02,0,0
2020-01-06,39.89,26.16,20.13,11.13,1.26,0.6,0.6,0.15,0.05,0.02,0.01,0
2020-01-07,42.87,25.45,18.62,10.63,1.15,0.49,0.52,0.17,0.06,0.01,0,0.02
2020-01-08,44.73,23.79,18.38,10.64,1.14,0.51,0.51,0.18,0.02,0.02,0.01,0.06
2020-01-09,41.03,24.33,19.82,12.2,1.24,0.57,0.54,0.2,0,0.02,0,0.03
2020-01-10,42.99,23.45,19.24,11.35,1.27,0.63,0.63,0.19,0.01,0.02,0.2,0.03
2020-01-11,44.62,20.75,22.12,9.9,1.42,0.53,0.43,0.13,0,0.02,0.06,0.03
2020-01-12,42.36,20.41,24.92,9.75,1.32,0.55,0.49,0.13,0,0.02,0.01,0.05
2020-01-13,41.62,22.48,22.05,11.1,1.38,0.55,0.53,0.18,0,0.02,0.01,0.08
2020-01-14,43.33,23.05,20.04,10.94,1.32,0.52,0.49,0.19,0.03,0.02,0.01,0.06
2020-01-15,43.97,22.54,19.67,11.07,1.42,0.51,0.52,0.2,0.01,0.02,0.01,0.05
2020-01-16,44.62,23.05,18.76,10.99,1.36,0.52,0.46,0.18,0.01,0.02,0.01,0.02
2020-01-17,43.57,23.35,19.39,11.01,1.34,0.57,0.51,0.19,0.03,0.02,0,0.03
2020-01-18,40.68,23.77,22.76,10.05,1.5,0.6,0.42,0.15,0.02,0.01,0,0.03
2020-01-19,41.77,21.89,24.04,9.62,1.47,0.53,0.49,0.16,0,0.01,0,0.03
2020-01-20,40.07,23.3,22.96,10.87,1.46,0.57,0.51,0.21,0.01,0.01,0,0.02
2020-01-21,41.04,23.75,20.34,12.28,1.28,0.55,0.51,0.2,0,0.01,0,0.02
2020-01-22,41.65,23.96,19.48,12.16,1.38,0.53,0.54,0.2,0,0.03,0.05,0.03
2020-01-23,43.02,24.32,18.8,11.26,1.32,0.49,0.52,0.2,0.01,0.02,0.01,0.03
2020-01-24,43.97,25.51,17.24,10.83,1.21,0.51,0.48,0.2,0,0.02,0,0.02
2020-01-25,43.56,22.78,20.8,10.26,1.35,0.58,0.46,0.17,0,0.02,0,0.03
2020-01-26,42.1,24.19,21.85,9.42,1.26,0.5,0.45,0.16,0,0.03,0.03,0.02
2020-01-27,43.86,23.27,19.97,10.45,1.16,0.55,0.48,0.2,0,0.02,0.02,0
2020-01-28,42.74,23.66,19.35,11.71,1.21,0.55,0.45,0.18,0.06,0.03,0.04,0
2020-01-29,40.04,25.9,18.92,12.51,1.29,0.53,0.54,0.17,0.01,0.03,0.05,0
2020-01-30,41.75,25.2,18.31,12.33,1.15,0.51,0.52,0.17,0,0.03,0.02,0.01
2020-01-31,40.64,26.64,18.38,11.49,1.42,0.6,0.55,0.23,0.01,0.03,0,0
2020-02-01,38.18,27.68,20.88,10.66,1.35,0.53,0.51,0.15,0.03,0.03,0.02,0
2020-02-02,38.84,24.04,23.86,10.66,1.28,0.63,0.48,0.14,0.05,0.02,0.02,0
2020-02-03,41.07,25.65,18.58,12.04,1.27,0.58,0.56,0.19,0.01,0.03,0.01,0.01
2020-02-04,44.46,23.41,17.91,11.66,1.25,0.53,0.54,0.19,0,0.03,0.01,0.01
2020-02-05,48.25,21.48,16.69,11.26,1.11,0.53,0.45,0.19,0,0.03,0,0
2020-02-06,45.56,23.18,17.47,11.31,1.17,0.54,0.49,0.23,0.03,0.03,0,0
2020-02-07,44.3,24.66,17.01,11.66,1.19,0.48,0.47,0.19,0,0.03,0,0.01
2020-02-08,41.45,24.21,20.28,11.54,1.27,0.54,0.52,0.14,0,0.03,0,0.01
2020-02-09,39.83,23.7,22.85,11.21,1.34,0.51,0.42,0.12,0,0.02,0,0
2020-02-10,39.37,26.19,19.99,11.86,1.36,0.52,0.42,0.2,0.06,0.02,0,0
2020-02-11,39.88,26.69,18.52,12.58,1.15,0.51,0.47,0.16,0.01,0.03,0,0
2020-02-12,40.85,26.2,18.48,12.11,1.19,0.5,0.46,0.16,0,0.03,0,0
2020-02-13,41.38,25.36,18.73,11.93,1.38,0.52,0.47,0.18,0,0.03,0,0
2020-02-14,44.65,24.12,16.97,11.52,1.36,0.49,0.46,0.16,0.08,0.04,0.01,0.15
2020-02-15,45.08,23.92,17.83,10.87,1.25,0.47,0.41,0.11,0.01,0.04,0,0.02
2020-02-16,46.06,20.89,19.72,11.03,1.27,0.46,0.4,0.13,0.01,0.03,0,0
2020-02-17,45.17,21.43,18.8,11.73,1.45,0.58,0.62,0.15,0.05,0.03,0,0
2020-02-18,45.74,22.69,17.21,11.73,1.44,0.55,0.47,0.15,0,0.03,0,0
2020-02-19,47.28,22.38,16.76,11.11,1.37,0.47,0.4,0.15,0.03,0.03,0,0.02
2020-02-20,46.53,22.46,16.48,12.03,1.36,0.54,0.41,0.17,0,0.02,0,0.02
2020-02-21,45.36,22.85,16.23,12.89,1.37,0.63,0.47,0.16,0,0.02,0.01,0
2020-02-22,44,23.41,17.94,12.11,1.43,0.53,0.38,0.12,0.05,0.03,0,0
2020-02-23,43.04,23.31,20.41,10.59,1.46,0.49,0.54,0.12,0,0.02,0.03,0
2020-02-24,44.04,23.75,18.12,11.57,1.32,0.44,0.47,0.17,0.12,0.01,0,0
2020-02-25,42.77,24.94,17.36,12.21,1.37,0.5,0.61,0.21,0.01,0.01,0,0
2020-02-26,42.27,25.04,17.42,12.81,1.34,0.42,0.42,0.2,0.05,0.01,0.02,0
2020-02-27,44.33,24.92,16.37,12.1,1.25,0.41,0.39,0.18,0.03,0.01,0.01,0
2020-02-28,43.04,26.07,16.16,12.34,1.26,0.41,0.5,0.16,0.03,0.01,0.01,0
2020-02-29,42.07,24.99,18.52,11.84,1.42,0.42,0.45,0.14,0,0.01,0.12,0
2020-03-01,41.86,23.53,20.55,11.56,1.47,0.43,0.44,0.13,0,0.02,0.01,0
2020-03-02,44.87,23.09,17.3,12.23,1.36,0.39,0.4,0.17,0.1,0.02,0.06,0.01
2020-03-03,46.4,23.6,15.66,11.87,1.28,0.39,0.46,0.19,0.08,0.01,0.06,0
2020-03-04,47.83,22.25,15.26,12.42,1.25,0.38,0.36,0.21,0.03,0.01,0.01,0
2020-03-05,46.87,22.39,15.88,12.5,1.24,0.42,0.41,0.22,0.05,0.01,0,0
2020-03-06,51.49,19.09,17.62,9.34,1.36,0.46,0.36,0.21,0.06,0.02,0,0
2020-03-07,42.67,24.58,17.83,12.35,1.45,0.4,0.39,0.14,0.16,0.02,0,0
2020-03-08,42.4,22.94,19.89,12.18,1.51,0.42,0.46,0.16,0.01,0.01,0.02,0
2020-03-09,42.62,24.08,17.47,12.59,1.61,0.42,0.89,0.18,0.1,0.01,0.01,0
2020-03-10,42.44,24.28,16.97,13.53,1.45,0.44,0.6,0.23,0.01,0.01,0.04,0
2020-03-11,41.3,25.1,16.38,14.68,1.37,0.42,0.44,0.21,0.07,0.02,0,0
2020-03-12,44.43,25.19,14.46,13.38,1.45,0.42,0.39,0.2,0.06,0.01,0,0
2020-03-13,46.02,24.09,13.8,13.49,1.44,0.44,0.41,0.24,0.05,0.02,0,0
2020-03-14,39.65,26.79,17.75,13.39,1.33,0.46,0.38,0.19,0.05,0.01,0,0
2020-03-15,40.01,24.92,19.53,13,1.41,0.48,0.42,0.19,0.01,0.01,0.01,0
2020-03-16,37.6,27.52,15.28,17.11,1.36,0.47,0.45,0.18,0.01,0.02,0,0
2020-03-17,39.54,27.69,14.43,15.94,1.3,0.48,0.4,0.2,0,0.02,0.01,0
2020-03-18,40.91,27.23,13.93,15.37,1.3,0.61,0.36,0.19,0.06,0.02,0,0
2020-03-19,42.59,26.43,13.78,14.83,1.17,0.58,0.37,0.22,0,0.02,0,0
2020-03-20,42.7,26.86,14.14,13.72,1.3,0.6,0.43,0.22,0,0.02,0,0
2020-03-21,38.79,26.77,17.23,14.54,1.4,0.64,0.41,0.19,0,0.02,0,0
2020-03-22,39.71,25.57,18.6,13.46,1.32,0.68,0.43,0.22,0,0.01,0.01,0
2020-03-23,41.4,26.48,15.3,14.21,1.33,0.62,0.39,0.25,0,0.01,0.01,0
2020-03-24,39.78,27.78,15.04,14.51,1.43,0.63,0.47,0.25,0.1,0.01,0,0
2020-03-25,41.59,27.33,14.22,14.26,1.25,0.49,0.5,0.24,0.02,0.01,0.07,0.01
2020-03-26,41.34,27.61,14.38,14.13,1.29,0.51,0.48,0.21,0,0.02,0.02,0.01
2020-03-27,42.62,26.56,14.55,13.72,1.29,0.54,0.47,0.22,0,0.01,0,0.01
2020-03-28,40.19,26.8,16.88,13.6,1.31,0.53,0.46,0.21,0,0.01,0,0.02
2020-03-29,37.87,27.69,18.31,13.65,1.28,0.5,0.48,0.19,0,0.01,0,0.02
2020-03-30,39.31,30.16,14.37,13.65,1.23,0.47,0.46,0.29,0.03,0.01,0,0.01
2020-03-31,41.66,26.9,14.75,14.23,1.27,0.46,0.44,0.2,0.06,0.01,0,0.02
2020-04-01,39.95,27.96,14.57,14.88,1.43,0.49,0.52,0.17,0,0.01,0,0.02
2020-04-02,37.67,28.52,15.09,16.12,1.37,0.5,0.51,0.2,0,0.01,0,0.02
2020-04-03,34.54,30.32,15.32,16.93,1.55,0.48,0.56,0.26,0,0.02,0,0.02
2020-04-04,33.72,29.75,18.05,15.68,1.53,0.52,0.51,0.17,0.01,0.03,0,0.01
2020-04-05,34.84,28.26,19.01,15,1.45,0.53,0.47,0.16,0,0.01,0.24,0.01
2020-04-06,34.22,29.48,16.95,16.39,1.53,0.53,0.53,0.24,0.06,0.01,0.04,0.01
2020-04-07,35.22,29,17.03,15.92,1.47,0.52,0.54,0.23,0.03,0.02,0.01,0.01
2020-04-08,33.88,31.03,16.49,15.87,1.48,0.51,0.48,0.18,0.05,0.01,0,0.01
2020-04-09,35.22,27.93,17.5,16.69,1.45,0.54,0.46,0.18,0,0.01,0,0.01